user_id,display_name,username,events,wins,losses,draws,match_win_pct,games_won,games_lost,game_win_pct,top_cuts,best_finish,best_finish_event
23822,Junior F,CarlGoBoom,17,98,46,12,0.6282,232,145,0.6154,4,2,"Disney Lorcana Challenge: Milwaukee (2025-10-25, 2028 players)"
14502,Zach B,♾️Cpt Rogers,13,50,29,0,0.6329,116,84,0.58,1,4,"Top Cut Games CCQ (2026-01-17, 176 players)"
8648,Sasha S,Sasha,12,44,33,1,0.5641,106,89,0.5436,1,8,"Game Grid Open - CCQ (2026-10-03, 95 players)"
13017,B R,Nap Queen ❤️,11,37,31,0,0.5441,86,83,0.5089,0,17,"Pro-Play Summit: Dallas - $10k CCQ (2026-07-04, 98 players)"
7262,James K,jsoong,11,57,30,2,0.6404,127,83,0.6048,4,9,"Glimmer Games CCQ (2026-03-21, 255 players)"
23799,Denis N,Fetty Guap,10,54,22,5,0.6667,121,65,0.6505,4,2,"Glimmer Games CCQ (2026-03-21, 255 players)"
41680,Ryan K,Medium Dino Rex,9,9,17,0,0.3462,23,39,0.371,0,52,"Glimmer Games CCQ (2026-03-21, 255 players)"
13621,Gavin D,PidgeyPotPie,8,33,24,1,0.569,83,60,0.5804,1,7,"GenCon - Fri - 12pm - Challenge Championship Qualifier (2026-07-31, 122 players)"
39919,Joshua S,Joshua Satterfield,8,52,22,1,0.6933,115,72,0.615,3,3,"CCS Lorcana $25,000 Weekend - Invitational Qualifier 2 and Official CCQ (2025-12-06, 333 players)"
8803,Alex H,KAHOTIC,7,54,24,1,0.6835,119,81,0.595,1,21,"Disney Lorcana Challenge: Milwaukee (2025-10-25, 2028 players)"
70263,Darian S,Darian,7,38,22,5,0.5846,90,58,0.6081,3,3,"2º Disney Lorcana Challenge - São Paulo (2026-07-04, 448 players)"
29935,Freddy R,ILL_frivera215,7,23,17,1,0.561,56,48,0.5385,0,21,"Guildhall - Infinity CCQ - To Infinity and Beyond! (2026-06-06, 52 players)"
6551,Justin W,Justin Ward,7,24,15,2,0.5854,55,43,0.5612,1,12,"Disney Lorcana CCQ Tournament (2026-07-11, 210 players)"
15827,matthew t,♾️ Free win,7,23,17,0,0.575,55,43,0.5612,0,16,"Van's Comics Cards and Games CCQ (2026-07-19, 96 players)"
22042,Zane G,🌻Zane Gray,7,36,18,1,0.6545,83,58,0.5887,1,12,"The DCI CCQ (2026-06-27, 152 players)"
8816,Chris A,Rhapsody_in_Blue_Steel,6,17,8,2,0.6296,35,24,0.5932,1,5,"GenCon - Fri - 12pm - Challenge Championship Qualifier (2026-07-31, 122 players)"
30069,Christian Y,Christian Y.,6,24,16,0,0.6,55,42,0.567,0,23,"Disney Lorcana CCQ Tournament (2026-07-11, 210 players)"
44314,Deven G,♾️ YoSoyDeven,6,26,16,0,0.619,60,42,0.5882,1,3,"Van's Comics Cards and Games CCQ (2026-07-19, 96 players)"
11023,Doug R,Doug Rice,6,28,17,0,0.6222,68,48,0.5862,2,15,"Ink Inc Open: Winterspell CCQ (2026-02-28, 274 players)"
16628,Ezekiel M,Ezekiel_M,6,37,19,1,0.6491,86,58,0.5972,2,3,"Lorcana CCQ (2026-07-18, 99 players)"
19752,Hayden B,♾️ Jinzo,6,22,16,1,0.5641,53,41,0.5638,2,4,"Disney Lorcana CCQ Tournament (2026-07-11, 210 players)"
21919,James G,🌻 James Gray II,6,34,15,2,0.6667,78,46,0.629,1,3,"Disney Lorcana CCQ Tournament (2026-07-11, 210 players)"
6394,Joseph C,TSD_MooMan 🐄,6,21,18,1,0.525,48,44,0.5217,1,16,"Disney Lorcana CCQ Tournament (2026-07-11, 210 players)"
44253,Morgan S,♾️ ThatMoKid,6,29,17,1,0.617,70,47,0.5983,1,1,"Pro-Play Summit: Dallas - $10k CCQ (2026-07-04, 98 players)"
30465,Sean B,SeanBrandt,6,32,14,2,0.6667,75,46,0.6198,0,22,"Disney Lorcana CCQ Tournament (2026-07-11, 210 players)"
15075,Sharon D,ShaD3,6,14,25,2,0.3415,40,58,0.4082,0,94,"Ink Inc Open: Winterspell CCQ (2026-02-28, 274 players)"
38419,Woody B,TheWoodTSD,6,13,14,0,0.4815,31,30,0.5082,0,174,"Disney Lorcana Challenge: Milwaukee (2025-10-25, 2028 players)"
1802,Chris L,FPG_Chilley,5,19,14,0,0.5758,45,36,0.5556,0,48,"Charlie's Collectible Show $10,000 Weekend & Official CCQ (2026-09-26, 177 players)"
41419,Cody G,♾️1 Billion Crabs🦀,5,26,12,2,0.65,58,35,0.6237,2,6,"Disney Lorcana CCQ Tournament (2026-07-11, 210 players)"
13612,Cody W,God,5,17,14,1,0.5312,39,35,0.527,0,13,"GenCon - Fri - 12pm - Challenge Championship Qualifier (2026-07-31, 122 players)"
6982,Darin J,Darin J,5,18,19,2,0.4615,45,49,0.4787,0,32,"GenCon - Fri - 12pm - Challenge Championship Qualifier (2026-07-31, 122 players)"
16605,Elliott F,Dad Lore,5,19,14,1,0.5588,48,35,0.5783,0,3,"Last Chance Qualifier #2 - NA Championship Friday 9am (2026-08-28, 495 players)"
10031,Gabe K,🌻GabeGolfer,5,21,15,0,0.5833,53,39,0.5761,0,1,"Last Chance Qualifier #2 - NA Championship Friday 9am (2026-08-28, 495 players)"
28103,Jacob N,FPG_TheSkipper,5,30,13,2,0.6667,66,39,0.6286,1,5,"Disney Lorcana Challenge: Indianapolis (2026-06-20, 1747 players)"
6566,Jacob S,TSD_Jake,5,12,14,1,0.4444,32,32,0.5,0,35,"Van's Comics Cards and Games CCQ (2026-07-19, 96 players)"
13607,Jana W,Astrogeek,5,7,18,0,0.28,20,39,0.339,0,73,"GenCon - Fri - 12pm - Challenge Championship Qualifier (2026-07-31, 122 players)"
10575,Jeff B,JBaum,5,37,17,1,0.6727,84,55,0.6043,1,8,"Disney Lorcana Challenge: Indianapolis (2026-06-20, 1747 players)"
40228,Landon W,🌻SFI-Amadeus,5,10,13,0,0.4348,26,31,0.4561,0,85,"Pro-Play Summit: Dallas - $10k CCQ (2026-07-04, 98 players)"
8980,Michael F,Viktorious,5,14,13,2,0.4828,37,34,0.5211,1,7,"Lorcana X Brainwash Cards 2K CCQ (2026-09-19, 121 players)"
7345,Robert S,RobS18,5,24,13,3,0.6,57,40,0.5876,2,13,"Disney Lorcana Challenge North American Championship (2026-08-29, 136 players)"
14022,Ron T,TSD_Rekkless,5,22,14,0,0.6111,53,41,0.5638,0,31,"Disney Lorcana CCQ Tournament (2026-07-11, 210 players)"
15970,Aaron W,awilp,4,24,13,0,0.6486,57,36,0.6129,1,16,"GenCon - Fri - 12pm - Challenge Championship Qualifier (2026-07-31, 122 players)"
36191,Aiden S,MythicalMorph,4,24,15,0,0.6154,57,41,0.5816,1,8,"Disney Lorcana Challenge: Milwaukee (2025-10-25, 2028 players)"
27427,Ana A,TheBlueDragon,4,13,16,1,0.4333,35,40,0.4667,0,15,"Guildhall - Infinity CCQ - To Infinity and Beyond! (2026-06-06, 52 players)"
6609,Barrett E,Barrett,4,25,14,0,0.641,59,35,0.6277,0,19,"GenCon - Fri - 12pm - Challenge Championship Qualifier (2026-07-31, 122 players)"
36727,Blake S,Cooldude,4,12,11,0,0.5217,29,27,0.5179,0,41,"GenCon - Fri - 12pm - Challenge Championship Qualifier (2026-07-31, 122 players)"
22397,Brittany T,TSD_Lady Brit,4,14,14,0,0.5,33,34,0.4925,0,117,"Last Chance Qualifier # 1 - NA Championship Friday 9am (2026-08-28, 495 players)"
14660,Bryan S,LFG_Lobo,4,16,17,0,0.4848,37,46,0.4458,0,142,"CCS Lorcana $25,000 Weekend - Invitational Qualifier 2 and Official CCQ (2025-12-06, 333 players)"
10333,Cheyenne M,LoL Rumble 🦁,4,6,16,0,0.2727,18,37,0.3273,0,114,"GenCon - Fri - 12pm - Challenge Championship Qualifier (2026-07-31, 122 players)"
55263,Dalton F,LoL_RascalAddams,4,14,14,0,0.5,30,37,0.4478,0,36,"Ink Inc Open: Winterspell CCQ (2026-02-28, 274 players)"
11189,Humza K,Oberon125,4,13,10,1,0.5417,34,28,0.5484,0,37,"Lorcana X Brainwash Cards 2K CCQ (2026-09-19, 121 players)"
24587,Jared S,Jsho,4,12,10,1,0.5217,28,28,0.5,0,15,"GenCon - Fri - 12pm - Challenge Championship Qualifier (2026-07-31, 122 players)"
16696,Jonathan M,LFG_J-Mills,4,19,13,1,0.5758,48,35,0.5783,0,82,"Disney Lorcana CCQ Tournament (2026-07-11, 210 players)"
6615,Joseph D,Pinkytoe,4,12,13,0,0.48,32,30,0.5161,0,28,"GenCon - Fri - 12pm - Challenge Championship Qualifier (2026-07-31, 122 players)"
8940,kenneth l,🌻Brohammington,4,12,11,0,0.5217,30,30,0.5,0,19,"Pro-Play Summit: Dallas - $10k CCQ (2026-07-04, 98 players)"
14101,Kriston D,♾️KristonD,4,5,8,0,0.3846,14,18,0.4375,0,45,"The DCI CCQ (2026-06-27, 152 players)"
6717,Mike A,00sVoice,4,5,13,0,0.2778,15,25,0.375,0,139,"ETB 15K Infinity CCQ Oakville (2026-05-30, 212 players)"
42548,nicholas m,Beefcake!,4,17,11,0,0.6071,41,27,0.6029,0,115,"Disney Lorcana Challenge: Indianapolis (2026-06-20, 1747 players)"
11994,Raquel 'Lykoss14' L,🌻Lykoss14,4,13,14,0,0.4815,36,35,0.507,0,33,"Pro-Play Summit: Dallas - $10k CCQ (2026-07-04, 98 players)"
38440,Reid H,Dalada,4,16,13,1,0.5333,39,33,0.5417,0,22,"CCS Lorcana $25,000 Weekend - Invitational Qualifier 2 and Official CCQ (2025-12-06, 333 players)"
10326,Ryan J,Ryan jorg,4,25,11,0,0.6944,58,29,0.6667,0,17,"CCS Lorcana $25,000 Weekend - Invitational Qualifier 2 and Official CCQ (2025-12-06, 333 players)"
76599,Andrew N,FPG_Casemind,3,20,9,0,0.6897,47,26,0.6438,0,21,"CCS Lorcana $25,000 Weekend - Invitational Qualifier 2 and Official CCQ (2025-12-06, 333 players)"
8435,Andrew T,[ROV] Andy the Grape🍇,3,18,10,0,0.6429,42,27,0.6087,1,21,"Disney Lorcana Challenge: Indianapolis (2026-06-20, 1747 players)"
23475,Angel C,𝙎𝙃𝙄𝙁𝙏 IamsoQT,3,14,10,0,0.5833,33,26,0.5593,0,115,"CCS Lorcana $25,000 Weekend - Invitational Qualifier 2 and Official CCQ (2025-12-06, 333 players)"
8532,Anthony S,DISNEYLAND CHURRO EATER,3,4,8,0,0.3333,12,16,0.4286,0,75,"The DCI CCQ (2026-06-27, 152 players)"
7437,Cain M,Cain M.,3,15,9,2,0.5769,37,28,0.5692,1,19,"Disney Lorcana Challenge: Milwaukee (2025-10-25, 2028 players)"
6651,Chris C,BennytBear,3,8,6,0,0.5714,18,19,0.4865,0,16,"Last Chance Qualifier #2 - NA Championship Friday 9am (2026-08-28, 495 players)"
20005,David M,David Meyer,3,6,8,0,0.4286,18,22,0.45,0,331,"Disney Lorcana Challenge: Indianapolis (2026-06-20, 1747 players)"
6340,Evin K,Nive_the_Nerd,3,10,10,0,0.5,25,23,0.5208,0,150,"Disney Lorcana Challenge: Indianapolis (2026-06-20, 1747 players)"
30512,Ivan R,METALLICFLARE,3,14,7,0,0.6667,34,19,0.6415,0,99,"Disney Lorcana Challenge: Milwaukee (2025-10-25, 2028 players)"
73695,Javier N,Javi the man,3,9,13,0,0.4091,24,29,0.4528,0,40,"Disney Lorcana CCQ Tournament (2026-07-11, 210 players)"
14895,Jennifer A,FPG_Just Jennifer,3,12,10,1,0.5217,29,26,0.5273,0,63,"CCS Lorcana $25,000 Weekend - Invitational Qualifier 2 and Official CCQ (2025-12-06, 333 players)"
6768,Jimmy M,[ROV]  Jimmy,3,15,8,0,0.6522,36,23,0.6102,0,80,"Disney Lorcana Challenge: Indianapolis (2026-06-20, 1747 players)"
36624,Jonathan G,LFG_TheShadowSlash,3,6,10,1,0.3529,16,24,0.4,0,169,"Disney Lorcana CCQ Tournament (2026-07-11, 210 players)"
16209,Jordan B,KingDiablo-INK,3,18,8,1,0.6667,39,27,0.5909,0,59,"Disney Lorcana Challenge: Indianapolis (2026-06-20, 1747 players)"
7546,Joshua L,FPG_Barber,3,11,13,0,0.4583,28,26,0.5185,0,193,"CCS Lorcana $25,000 Weekend - Invitational Qualifier 2 and Official CCQ (2025-12-06, 333 players)"
18989,Kaylee C,Yappy_Panda_9966,3,8,10,0,0.4444,22,25,0.4681,0,240,"Last Chance Qualifier #2 - NA Championship Friday 9am (2026-08-28, 495 players)"
21552,Lucas Y,TCGPenguin,3,15,10,2,0.5556,33,29,0.5323,1,1,"GenCon - Fri - 12pm - Challenge Championship Qualifier (2026-07-31, 122 players)"
18987,Nicholas C,LoL Xelephanor,3,11,7,0,0.6111,27,21,0.5625,0,246,"Disney Lorcana Challenge: Milwaukee (2025-10-25, 2028 players)"
6735,Paul W,PDubNC2STL (Paul),3,5,8,0,0.3846,13,17,0.4333,0,104,"GenCon - Fri - 12pm - Challenge Championship Qualifier (2026-07-31, 122 players)"
38996,Richard R,Richard Richey,3,8,7,0,0.5333,20,16,0.5556,0,76,"Last Chance Qualifier # 1 - NA Championship Friday 9am (2026-08-28, 495 players)"
6544,Robbie l,L33K,3,8,7,0,0.5333,17,19,0.4722,0,44,"Van's Comics Cards and Games CCQ (2026-07-19, 96 players)"
35579,Steven B,BadVegas,3,9,7,0,0.5625,24,17,0.5854,0,70,"Disney Lorcana CCQ Tournament (2026-07-11, 210 players)"
7776,Ace H,TSD_Techie,2,10,6,0,0.625,24,16,0.6,0,362,"Disney Lorcana Challenge: Indianapolis (2026-06-20, 1747 players)"
10355,Adam C,Adam Crofts,2,6,6,0,0.5,14,17,0.4516,0,901,"Disney Lorcana Challenge: Indianapolis (2026-06-20, 1747 players)"
18922,Aeron I,LoL Bokbok20,2,9,6,0,0.6,23,18,0.561,0,333,"Disney Lorcana Challenge: Milwaukee (2025-10-25, 2028 players)"
34051,Akira B,Akira,2,12,6,0,0.6667,28,20,0.5833,0,96,"Disney Lorcana Challenge: Milwaukee (2025-10-25, 2028 players)"
10342,Alex D,Dax 🦁,2,11,7,0,0.6111,25,19,0.5682,0,200,"Disney Lorcana Challenge: Milwaukee (2025-10-25, 2028 players)"
17665,Alex M,Illumineer_Of_Fortune,2,8,8,0,0.5,19,18,0.5135,0,299,"Disney Lorcana Challenge: Indianapolis (2026-06-20, 1747 players)"
6980,Austin B,LoL Shakiki🦁,2,6,6,0,0.5,15,17,0.4688,0,384,"Disney Lorcana Challenge: Milwaukee (2025-10-25, 2028 players)"
6549,Brandon R,BRich,2,14,6,0,0.7,34,20,0.6296,0,62,"Disney Lorcana Challenge: Indianapolis (2026-06-20, 1747 players)"
29950,chip p,[ROV]Teacup,2,8,6,0,0.5714,19,17,0.5278,0,268,"Disney Lorcana Challenge: Indianapolis (2026-06-20, 1747 players)"
30868,Cody S,cdshel,2,6,9,0,0.4,14,20,0.4118,0,105,"Disney Lorcana CCQ Tournament (2026-07-11, 210 players)"
7589,craig h,craighuebner,2,0,2,0,0,1,4,0.2,0,121,"GenCon - Fri - 12pm - Challenge Championship Qualifier (2026-07-31, 122 players)"
39104,Dalton S,Dalton S,2,7,7,0,0.5,17,18,0.4857,0,808,"Disney Lorcana Challenge: Milwaukee (2025-10-25, 2028 players)"
40031,Dana S,DanaS,2,6,8,0,0.4286,13,19,0.4062,0,935,"Disney Lorcana Challenge: Indianapolis (2026-06-20, 1747 players)"
7017,Heather C,hcovey,2,3,5,0,0.375,8,10,0.4444,0,1175,"Disney Lorcana Challenge: Milwaukee (2025-10-25, 2028 players)"
50217,Jake I,TeddyTatertots,2,4,4,0,0.5,12,11,0.5217,0,389,"Last Chance Qualifier #2 - NA Championship Friday 9am (2026-08-28, 495 players)"
39569,Jenna F,JFlo1410,2,4,5,0,0.4444,10,11,0.4762,0,208,"Last Chance Qualifier # 1 - NA Championship Friday 9am (2026-08-28, 495 players)"
93086,John W,Zendikat,2,6,6,0,0.5,16,15,0.5161,0,212,"Disney Lorcana Challenge: Indianapolis (2026-06-20, 1747 players)"
211610,Kristen L,[ROV] KristentheGrape🍇,2,8,5,0,0.6154,18,11,0.6207,0,19,"Last Chance Qualifier #2 - NA Championship Friday 9am (2026-08-28, 495 players)"
215004,Matt F,TenguMatt,2,8,6,0,0.5714,18,17,0.5143,0,59,"Disney Lorcana CCQ Tournament (2026-07-11, 210 players)"
15198,NICHOLAS D,NickD,2,9,6,0,0.6,21,17,0.5526,0,304,"Disney Lorcana Challenge: Milwaukee (2025-10-25, 2028 players)"
15845,Nicholas P,nplayforth,2,10,10,0,0.5,25,26,0.4902,0,241,"Disney Lorcana Challenge: Milwaukee (2025-10-25, 2028 players)"
29795,Ryan H,[RoV] BING BONG,2,3,8,1,0.25,14,18,0.4375,0,1282,"Disney Lorcana Challenge: Indianapolis (2026-06-20, 1747 players)"
10495,Ryan S,Ryan Simpson,2,10,6,0,0.625,25,19,0.5682,1,8,"Disney Lorcana CCQ Tournament (2026-07-11, 210 players)"
13259,Steven H,Stevenxanthony,2,10,7,1,0.5556,20,18,0.5263,0,41,"Disney Lorcana Challenge: Indianapolis (2026-06-20, 1747 players)"
30045,Victoria W,mightieminx,2,6,9,0,0.4,17,18,0.4857,0,1180,"Disney Lorcana Challenge: Indianapolis (2026-06-20, 1747 players)"
30086,Will K,Will Kelly,2,9,6,0,0.6,21,16,0.5676,0,367,"Disney Lorcana Challenge: Indianapolis (2026-06-20, 1747 players)"
38825,Alex S,Anthrok-INK,1,3,3,0,0.5,8,8,0.5,0,961,"Disney Lorcana Challenge: Milwaukee (2025-10-25, 2028 players)"
6357,Amanda H,AHenderson,1,3,4,1,0.375,9,10,0.4737,0,89,"Disney Lorcana CCQ Tournament (2026-07-11, 210 players)"
11279,Andy B,Anbru,1,5,3,0,0.625,11,9,0.55,0,430,"Disney Lorcana Challenge: Indianapolis (2026-06-20, 1747 players)"
29006,Ashley C,AshleyC,1,3,5,0,0.375,7,10,0.4118,0,107,"Disney Lorcana CCQ Tournament (2026-07-11, 210 players)"
17846,Austin B,abirmingham2012,1,5,3,0,0.625,11,9,0.55,0,49,"Disney Lorcana CCQ Tournament (2026-07-11, 210 players)"
22373,Bryce E,BZEnsign23,1,4,4,0,0.5,9,10,0.4737,0,73,"Disney Lorcana CCQ Tournament (2026-07-11, 210 players)"
74174,Carter B,Toddler Carter,1,3,3,0,0.5,7,8,0.4667,0,1264,"Disney Lorcana Challenge: Indianapolis (2026-06-20, 1747 players)"
37046,Chloe O,mothematic,1,1,3,0,0.25,2,6,0.25,0,149,"Disney Lorcana CCQ Tournament (2026-07-11, 210 players)"
44908,Christian O,TSD_Pikaboo,1,6,2,0,0.75,13,7,0.65,0,21,"Disney Lorcana CCQ Tournament (2026-07-11, 210 players)"
34712,De'Shawn R,DD_Rose,1,4,3,1,0.5,10,10,0.5,0,462,"Disney Lorcana Challenge: Indianapolis (2026-06-20, 1747 players)"
36034,Eric S,Sacky,1,5,3,0,0.625,11,8,0.5789,0,410,"Disney Lorcana Challenge: Indianapolis (2026-06-20, 1747 players)"
225925,Gavin H,SoullessOne,1,3,3,0,0.5,8,9,0.4706,0,900,"Disney Lorcana Challenge: Indianapolis (2026-06-20, 1747 players)"
34451,Geoffrey T,FireKraken91,1,2,4,0,0.3333,7,9,0.4375,0,136,"Disney Lorcana CCQ Tournament (2026-07-11, 210 players)"
20868,Heather A,Patriofelis,1,3,3,0,0.5,8,7,0.5333,0,1331,"Disney Lorcana Challenge: Milwaukee (2025-10-25, 2028 players)"
37107,Jeremy J,FPG_Kiros Skye,1,4,4,1,0.4444,10,10,0.5,0,127,"CCS Lorcana $25,000 Weekend - Invitational Qualifier 2 and Official CCQ (2025-12-06, 333 players)"
7665,Johnathan D,JohnD6,1,3,4,0,0.4286,10,8,0.5556,0,1394,"Disney Lorcana Challenge: Milwaukee (2025-10-25, 2028 players)"
218393,Kiah W,Thats-So-Worm,1,2,6,0,0.25,4,13,0.2353,0,1398,"Disney Lorcana Challenge: Indianapolis (2026-06-20, 1747 players)"
8274,Lukas M,Lukas M,1,4,3,0,0.5714,8,7,0.5333,0,592,"Disney Lorcana Challenge: Indianapolis (2026-06-20, 1747 players)"
313,Matt B,inillob55,1,3,3,0,0.5,8,8,0.5,0,972,"Disney Lorcana Challenge: Milwaukee (2025-10-25, 2028 players)"
6302,Megan K,Megan K,1,2,6,0,0.25,8,13,0.381,0,1610,"Disney Lorcana Challenge: Milwaukee (2025-10-25, 2028 players)"
22372,Michael B,Michael Baker,1,4,4,0,0.5,10,10,0.5,0,76,"Disney Lorcana CCQ Tournament (2026-07-11, 210 players)"
8693,Rick G,Kobac,1,2,3,1,0.3333,5,7,0.4167,0,64,"Lorcana CCQ (2026-07-18, 99 players)"
390797,Sean C,Warmturtle,1,0,3,0,0,2,6,0.25,0,1691,"Disney Lorcana Challenge: Indianapolis (2026-06-20, 1747 players)"
11276,Steven R,illumiKnight72,1,5,2,0,0.7143,11,6,0.6471,0,23,"GenCon - Fri - 12pm - Challenge Championship Qualifier (2026-07-31, 122 players)"
16400,Thomas O,Mad Genie,1,6,4,0,0.6,15,11,0.5769,0,216,"Disney Lorcana Challenge: Indianapolis (2026-06-20, 1747 players)"
35292,Tom W,Memehammad,1,0,2,0,0,0,4,0,0,1628,"Disney Lorcana Challenge: Indianapolis (2026-06-20, 1747 players)"
12420,Tyler B,Randy Savage,1,4,3,0,0.5714,9,8,0.5294,0,677,"Disney Lorcana Challenge: Milwaukee (2025-10-25, 2028 players)"
44145,Zoie K,BlackViolet,1,2,6,0,0.25,9,14,0.3913,0,126,"Disney Lorcana CCQ Tournament (2026-07-11, 210 players)"