Timestamp,Email Address,Player Name,Preferred Pronoun(s),RPH Name,Favorite Ink Pair,Have you played any other TCGs? How long have you played TCGs? ,Where did you travel from?,What is your favorite Disney Lorcana Card?,Favorite Disney Villain,Have you participated in any other CCQs or DLC's? ,Do you have notable Disney Lorcana accolades?,Fun Facts / Anything else you'd like to share?,Best Contact Info (Optional: Email or Discord handle if the Rules of Villainy team needs to follow up with quick questions),ID
10/2/2026 22:51:44,,Steven Chinnici,He,Captain Inkswell,"Amethyst, Ruby",No.   Have played Lorcana since October 2023,Ofallon Missouro,Be Prepared,Hades,I have not been to either a DLC or a CCQ,,I’ve been to Disney World 39 times. ,Stchinnici@gmail.com,
10/3/2026 0:10:45,,Paul Whiteley,He,PDubNC2STL (Paul),"Emerald, Ruby",Magic...in 1994,My Home,Robin Hood - Sharpshooter or Beast - Tragic Hero,"Gaston, Prince John, or Jafar",I have participated in a DLC,Being Awesome,Colligate Intermural Basketball Champion,You know where to find me.,6735
10/3/2026 6:04:06,,Steven honaker ,He/him,Stevenxanthony ,"Ruby, Sapphire",Ive played some amount of most tcgs across the last 15 years ,Cincinnati ohio ,Tamatoa so shiny ,Hades ,I have participated in a DLC,41st place at dlc indy and season 2 NACC competitor ,,"I'm stevenxanthony pretty much everywhere, discord is probably best if you need any info! ",13259
10/3/2026 14:30:43,,Ezekiel ,He,Ezekiel_M,"Sapphire, Steel",3 years ,South Florida ,Alice Savvy Sailor ,Jafar ,"I have participated in a DLC, I have participated in a CCQ",Day 2 Milwaukee . Top 32 DLC Indy . Top 64 NAC Season 2 . Finalist SSG invitational. ,,Ezekielmurphy05@gmail.com,16628
10/4/2026 0:23:14,,Sasha,He/him,Sasha,"Amber, Steel",I played magic and pokemon. Off and on for 15 years.,Seattle,Rapunzel - Gifted with Healing,Scar,"I have participated in a DLC, I have participated in a CCQ",Top 8 in CCQ Tacoma and Top 8 in CCQ in Game Grid,Huge Lorcana fan!,sasha3@gmail.com,8648
10/4/2026 13:52:48,,Lukas Moore,He/Him,Lukas M,"Ruby, Sapphire",I've played TCGs on and off for about 20 years. Pokemon and YuGiOh are my other games.,"Collinsville, IL",Maui - Half-Shark,John Silver,I have participated in a DLC,"4 set championship wins, set wins over Aiden and Jacob Frank.",I look like my parents.,Lukas/FUGG on RoV Discord,8274
10/4/2026 18:05:09,,BRich (Brandon Richard),He/Him,BRich,Ruby,Yugioh/ 12 years when I was kid.,Kentucky,Carl & Russell Enchanted,Ursula,I have participated in a DLC,"Top 64 DLC INDY SEASON 2 , Winner TTD Lorcana 5k 3/21/26. 4th place TTDLorcana1k , Split TTD ICONIC EVENT 8/15/26","I Own a Farm back home, Cows, chickens, ducks, cat, dogs, horses",Chumbawumba@live.com - discord army_3760,6549
10/4/2026 18:35:43,,Brenton Mott,He Him,Captain of the 61st Card,"Amethyst, Ruby",Yes/ 2 years ,Indiana,Tinker Bell Ginat Fairy ,Mother Gothel,I have not been to either a DLC or a CCQ,Winning my first set champs this set,I started as a collector and went 3-0 at my first Locals,brentonmott@gmail.com,
10/4/2026 18:36:26,,Jimmy Moore,He/Him,[RoV] Cap'n Jimmy,"Amethyst, Emerald","Pokemon, Yugioh, Dragonball Z, LotR, Magic: The Gathering; since I was like 7?","Creve Coeur, MO","Gantu, Galactic Federation Captain",Syndrome,I have participated in a DLC,"Top64 DLC Indy, Day 2 Milwaukee",I'm married to Golden Mickey,RoV discord,6768
10/4/2026 18:46:36,,Tom Warren,He,Memehammad,"Amethyst, Ruby","30+ years. MTG, Yugioh, Vs systems, Hearthstone, Shadow Era, Shadowverse. I could go on.",5 miles since Impact is my home store. ,Sully and Boo team up because im a huge monsters inc fan,Jafar or Hades too hard to choose between those 2,I have participated in a DLC,Several set championship tops and wins. ,"Im both a father and grandpa, was selected for casting for the latest season of The Traitors but sadly didnt make the final cut.",Memehammad ali andy and Brad both have me as a friend,35292
10/4/2026 18:50:48,,Aaron Wilp,He,awilp,"Amethyst, Sapphire",Lorcana is my first TCG been playing since it came out,"Columbus, Indiana",Elsa 5th Spirit ,Hades,"I have participated in a DLC, I have participated in a CCQ",Top 32 Milwaukee Top 64 Richmond. Competed in NACC season 2,,awilp45@gmail.com,15970
10/4/2026 20:03:11,,Jennifer Flores,She/her ,Jflo1410,"Amber, Steel","Yes! I’ve played Magic the Gathering, Riftbound, Flesh and Blood, Starwars Unlimited, and One Piece. I’ve been planing TCGs for 3 years","I’m local from Granite City, IL",baloo von bruinwald Xlll,Ursula,I have participated in a DLC,I’m the creator of the TCG Mama YouTube channel that features many TCGs including Lorcana- I currently have 13K subs! ,I got into TCGs to help with keeping my memory strong after I was diagnosed with 2 auto immune diseases- I absolutely love playing and feel even more cognitively aware after playing TCGs for 3 years now! ,Jlflores@charter.net ,39569
10/5/2026 10:36:17,,Robert Brotherton,He/Him,Wreck It Rob,"Amethyst, Ruby","Yes, MTG since 1997","Farmington, MO",Stitch Experiment 626 Enchanted version ,Scar,I have not been to either a DLC or a CCQ,1st Set Champ winner after 30 days of playing,This all started with getting Gateway for “the kids” lol,Z24bobbo@yahoo.com,
10/5/2026 11:58:15,,Matt Boren,He/Him,Matt Boren,"Amethyst, Sapphire",Too Many - Played Since 1999,"Farmington, MO",Easily has to be Be Prepared,Jafar,I have not been to either a DLC or a CCQ,Newly Minted Lore Guide,I cannot spin a basketball on my finger.,matt.a.boren@gmail.com,
10/5/2026 13:49:18,,BING BONG,BING/BONG,[ROV] BING BONG,"Emerald, Ruby","Pokemon/MTG, three years","Wildwood, MO",SUPER GOOF,"Idk, Scar ",I have participated in a DLC,BING BONG Champion ,I have ADHD,,29795